{
  "GetGroceryOrder": {
    "Abs": "https://collab.safeway.com/it/architecture/info/default.aspx",
    "DocumentData": {
      "Document": {
        "SystemEnvironmentCd": "PROD",
        "VersionId": "1.13.1",
        "DocumentID": "GROCERY_ORDER",
        "DocumentNm": "GroceryOrder",
        "CreationDt": "2021-08-16T07:52:25.184307-07:00",
        "Description": [
          "GroceryOrderDetail"
        ],
        "SourceApplicationCd": [
          "OMS"
        ],
        "TargetApplicationCd": "EDIS",
        "SenderId": "id",
        "InternalFileTransferInd": "Y",
        "DataClassification": {
          "DataClassificationLevel": {
            "Code": "Internal"
          },
          "BusinessSensitivityLevel": {
            "Code": "Low"
          },
          "PHIdataInd": "N",
          "PCIdataInd": "Y",
          "PIIdataInd": "Y"
        }
      },
      "DocumentAction": {
        "ActionTypeCd": "UPDATE",
        "RecordTypeCd": "CHANGE"
      }
    },
    "GroceryOrderData": {
      "GroceryOrderHeader": {
        "OrderId": "18182589T",
        "OrderCreateTS": "2021-03-12T01:47:36.371Z",
        "OrderModifyTS": "2021-03-12T01:47:36.404",
        "CompanyId": "companyId",
        "VersionNbr": "1",
        "OrderStatus": {
          "StatusTypeCd": "PAYMENT_REQUESTED"
        },
        "OrderStatusReasonType": {
          "Code": "FFO_CREATED"
        },
        "OrderActionStatus": {
          "StatusTypeCd": "CREATE",
          "Description": "RESCHEDULE_SLOT"
        },
        "EditCutoffDtTm": "2021-03-13T01:47:36.371Z",
        "EditReasonType": {
          "Code": "FFO_CREATED"
        },
        "FulfillingFacility": {
          "RetailStoreId": "12563",
          "BannerCd": "JewelOsco"
        },
        "GroceryOrderProfileType": [
          {
            "ProfileType": {
              "Code": "WYSIWYG"
            },
            "ProfileValueInd": "N"
          },
          {
            "ProfileType": {
              "Code": "PromisePlatform"
            },
            "ProfileValueInd": "Y"
          },
          {
            "ProfileType": {
              "Code": "taxExempt"
            },
            "Description": "IT"
          },
          {
            "ProfileType": {
              "Code": "SnapV2"
            },
            "ProfileValueInd": "N"
          },
          {
            "ProfileType": {
              "Code": "AutoReplenishment"
            },
            "ProfileValueInd": "Y"
          },
          {
            "ProfileType": {
              "Code": "taxExempt",
              "Description": {
                "type": "IT"
              }
            }
          }
        ],
        "RetailCustomer": {
          "CustomerId": "556-020-1586122641346",
          "CustomerAlternateId": [
            {
              "sequenceNbr": "1234567"
            }
          ],
          "CustomerNm": {
            "GivenNm": "John",
            "MiddleNm": "roger",
            "FamilyNm": "Hopkins"
          },
          "Contact": [
            {
              "PhoneFaxContact": {
                "TypeCode": "MOBILE",
                "PhoneNbrTxt": "4088577000"
              }
            },
            {
              "DigitalContact": {
                "DigitalAddress": "gressholdings@abc.com"
              }
            },
            {
              "Address": {
                "AddressUsageTypeCd": "BILL-TO",
                "AddressLine1txt": "addressLine1",
                "AddressLine2txt": "addressLine2",
                "CityNm": "city",
                "PostalZoneCd": "12300321",
                "StateCd": "state",
                "CountryCd": "country"
              }
            }
          ],
          "ClubCardNbr": "49130429968",
          "CustomerPreference": [
            {
              "PreferenceType": {
                "Code": "type"
              },
              "OptInContactNbr": "1",
              "OptInInd": "true"
            }
          ],
          "CustomerSubscription": [
            {
              "OptInInd": "false"
            }
          ]
        },
        "CurrencyCd": "USD",
        "TotalAmt": 263.56,
        "CustomerOffers": [
          {
            "OfferId": "offerId",
            "ReferenceOfferId": "externalOfferId",
            "OfferDiscountAmt": 120.23,
            "CustomerRewards": [
              {
                "RewardsProgramNm": "programName",
                "PointsEarnedQty": "23",
                "PointsUsedQty": "12"
              }
            ]
          }
        ],
        "CustomerPayment": {
          "Tender": [
            {
              "TenderId": "321123456765",
              "TenderTypeCd": "EWALLET",
              "TenderSubTypeCd": "MASTERCARD",
              "HolderNm": "cardHolderName",
              "ExpireMonthYearTxt": "cardExpiryMonth",
              "BillingAddress": {
                "AddressLine1txt": "addressLine1",
                "AddressLine2txt": "addressLine2",
                "CityNm": "city",
                "PostalZoneCd": "12300321",
                "StateCd": "state"
              },
              "PostalCd": "100001",
              "Token": {
                "TokenId": "321123456765",
                "TokenTypeCd": "EWALLET"
              },
              "Status": {
                "StatusCd": "AUTHORIZED"
              },
              "RequiredAuthAmt": 23.4,
              "AuthCd": "authCode",
              "AuthDt": "authDate"
            }
          ]
        },
        "CustomerSavings": {
          "TotalCustomerSavingsAmt": 20.0,
          "SavingsCategoryType": [
            {
              "SavingsCategoryId": "3",
              "SavingsCategoryNm": "categoryName",
              "SavingsAmt": 213.0
            }
          ]
        },
        "OrderRecordDateInfo": {
          "CreateDtTm": "2021-03-12T01:47:36.404Z",
          "CreateUserId": "CUSTOMER",
          "UpdateDtTm": "2021-03-12T01:47:36.404",
          "UpdateUserId": "modified"
        },
        "Device": {
          "Code": "MOBILE"
        },
        "OrderCreatedDeviceType": {
          "Code": "MOBILE"
        },
        "AffiliatePartnerType": {
          "AffiliatePartnerNm": "IBOTTA",
          "OrderReferenceTxt": "affiliateOrderRef"
        },
        "OrderSourceSystemType": {
          "Code": "ECOMMERCE"
        },
        "FulFillmentSystemType": {
          "Code": "APS"
        },
        "GroceryOrderHeaderExceptionType": [
          {
            "ExceptionType": {
              "Code": "exceptionType"
            },
            "ExceptionCd": "exceptionCode",
            "ExceptionDsc": "exceptionDesc",
            "ExceptionCreateTs": "2021-03-12T01:47:36.404Z"
          }
        ]
      },
      "GrocerySubOrder": [
        {
          "SubOrderType": [
            {
              "Code": "isRescheduled"
            }
          ],
          "SubOrderNbr": "1",
          "SubOrderStatus": {
            "StatusTypeCd": "CREATED"
          },
          "StatusReasonType": {
            "Code": "FFO_CREATED"
          },
          "SubOrderActionStatus": {
            "StatusTypeCd": "CREATE",
            "Description": "FFO_CREATED"
          },
          "SubOrderServiceLevelType": {
            "Code": "EXPRESS"
          },
          "CancelByDtTm": "2021-03-14T01:47:36.367Z",
          "GroceryOrderDetail": [
            {
              "CartLineNbr": "2",
              "ItemId": {
                "SystemSpecificItemId": "1",
                "InternalItemId": "0002113015829",
                "BaseProductNbr": 1.0,
                "PLUCd": "0",
                "ItemDescription": "itemDescription"
              },
              "BasePriceAmt": 34.0,
              "UnitPriceAmt": 1900.0,
              "ExtendedUnitPriceAmt": 67.0,
              "ItemPriceAmt": 23.0,
              "ExtendedItemPriceAmt": 45.0,
              "PricePerAmt": 89.0,
              "BasePricePerAmt": 78.0,
              "PriceEffectiveStartDtTm": "2021-03-12T01:47:36.355Z",
              "PriceEffectiveEndDtTm": "2021-03-13T01:47:36.355Z",
              "Quantity": 2.0,
              "UOM": {
                "UOMCd": "unitOfMeasure"
              },
              "SellByWeightType": {
                "Code": "I"
              },
              "AvgItemWeight": 90.0,
              "DiscountAllowedInd": "true",
              "RewardAllowedInd": "true",
              "SubstitutionType": {
                "Code": "2",
                "Description": "Same size different Brand"
              },
              "CustomerPreferredSubstituteItem": [
                {
                  "SubstituteItem": {
                    "SystemSpecificItemId": "186930241",
                    "BaseProductNbr": 1.86930241E8,
                    "PLUCd": "1234567",
                    "ItemDescription": "SeaPak Shrimp Butterfly Oven Crispy Family Size - 10 Oz"
                  },
                  "Department": {},
                  "SellByWeightType": {
                    "Code": "1.099E+1"
                  },
                  "AvgItemWeight": 10.99,
                  "BasePriceAmt": 0.0,
                  "ItemPriceAmt": 10.99,
                  "PricePerAmt": 10.99,
                  "BasePricePerAmt": 0.0,
                  "PromotionPriceAmt": 9.5,
                  "RewardAllowedInd": "true",
                  "DiscountAllowedInd": "true",
                  "WICItemInd": "true"
                }
              ],
              "CurrencyCd": "USD",
              "RegulatedItemInd": "true",
              "MadeToOrderItemInd": "true",
              "LinkPLUNbr": "234",
              "CouponPLUNbr": "0",
              "CustomerOffers": [
                {
                  "OfferId": "434",
                  "ReferenceOfferId": "externalOfferId",
                  "OfferSourceType": {
                    "Code": "source"
                  },
                  "CustomerRewards": [
                    {
                      "RewardsProgramNm": "programName",
                      "PointsEarnedQty": "23",
                      "PointsUsedQty": "12"
                    }
                  ]
                }
              ],
              "Department": {
                "Code": "1"
              },
              "WICItemInd": "true",
              "AutoReplenishmentOrderType": {
                "AROItemInd": "true",
                "AROLineInd": "true",
                "ItemPriceAmt": 5.66,
                "ARLinkPLUNbr": "10.5000",
                "ArSavingsAmt": "10.5000"
              },
              "DeliveredItem": [
                {
                  "DeliveredItemLineNbr": "2",
                  "FulfillmentOrderId": "1234001",
                  "Item": {
                    "UPC": {
                      "UPCNbr": 12345.0
                    },
                    "SystemSpecificItemId": "1",
                    "InternalItemId": "0004900002892",
                    "PLUCd": "0",
                    "BaseProductNbr": 1.0
                  },
                  "SubstitutedItemInd": "true",
                  "Quantity": 23.0,
                  "UOM": {
                    "UOMCd": "EA"
                  },
                  "SellByWeightType": {
                    "Code": "P"
                  },
                  "AvgItemWeight": 90.0,
                  "BasePriceAmt": 34.0,
                  "UnitPriceAmt": 1900.0,
                  "ExtendedUnitPriceAmt": 67.0,
                  "ItemPriceAmt": 23.0,
                  "ExtendedItemPriceAmt": 45.0,
                  "PricePerAmt": 89.0,
                  "BasePricePerAmt": 78.0,
                  "PriceEffectiveStartDtTm": "2021-03-12T01:47:36.354Z",
                  "PriceEffectiveEndDtTm": "2021-03-13T01:47:36.354Z",
                  "RegulatedItemInd": "true",
                  "LinkPLUNbr": "234",
                  "CouponPLUNbr": "0",
                  "PromotionPriceAmt": 123.0,
                  "CustomerOffers": [
                    {
                      "OfferId": "434",
                      "ReferenceOfferId": "externalOfferId",
                      "OfferSourceType": {
                        "Code": "source"
                      },
                      "CustomerRewards": [
                        {
                          "RewardsProgramNm": "programName",
                          "PointsEarnedQty": "23",
                          "PointsUsedQty": "12"
                        }
                      ]
                    }
                  ],
                  "RewardAllowedInd": "true",
                  "DiscountAllowedInd": "true",
                  "WICItemInd": "true",
                  "SmartSubstituteItemInd": "true",
                  "CustomerSavings": {
                    "TotalCustomerSavingsAmt": 1.0,
                    "SavingsCategoryType": [
                      {
                        "OfferId": "434",
                        "SavingsCategoryId": "12",
                        "SavingsCategoryNm": "c",
                        "SavingsAmt": 321.0
                      }
                    ]
                  },
                  "DeliveredItemExceptionType": [
                    {
                      "ExceptionType": {
                        "Code": "EPE"
                      },
                      "ExceptionCd": "EPE_PROMOTIONS_ERROR",
                      "ExceptionDsc": "EPE system error.",
                      "ExceptionCreateTs": "2021-03-12T01:47:36.352Z"
                    }
                  ],
                  "AutoReplenishmentOrderType": {
                    "AROItemInd": "true",
                    "AROLineInd": "true",
                    "ItemPriceAmt": 2.58,
                    "ARLinkPLUNbr": "10.5000",
                    "ArSavingsAmt": "10.5000"
                  }
                }
              ],
              "OrderQty": 2.0,
              "FulfilledQty": 12.0,
              "CustomerSavings": {
                "TotalCustomerSavingsAmt": 1.0,
                "SavingsCategoryType": [
                  {
                    "OfferId": "434",
                    "SavingsCategoryId": "12",
                    "SavingsCategoryNm": "categoryName",
                    "SavingsAmt": 321.0
                  }
                ]
              },
              "OrderLineExceptionType": [
                {
                  "ExceptionType": {
                    "Code": "EPE"
                  },
                  "ExceptionCd": "EPE_PROMOTIONS_ERROR",
                  "ExceptionDsc": "EPE system error.",
                  "ExceptionCreateTs": "2021-03-12T01:47:36.346Z"
                }
              ]
            },
            {
              "PromotionType": {
                "Code": "code",
                "Description": "description"
              },
              "PromotionTriggerCd": "pluCode"
            }
          ],
          "FullFillmentType": {
            "Code": "DELIVERY"
          },
          "PickupInfo": {
            "ShortOrderNbr": 12.0,
            "PickupSlot": {
              "Code": "123ed"
            },
            "PickupSlotType": {
              "Code": "COUNTER-INSIDE"
            },
            "DisplayEndDttm": "2021-03-12T01:47:36.336Z"
          },
          "DeliveryInfo": {
            "CustomerType": {
              "Code": "BUSINESS"
            },
            "DeliverySlotId": "123ID",
            "DeliverySlotType": {
              "Code": "SlotType"
            },
            "DeliveryServiceType": {
              "Code": "ATTENDED"
            },
            "SlotPlan": {
              "Code": "PREMIUM"
            },
            "StartDttm": "2021-03-13T01:47:36.337Z",
            "EndDttm": "2021-03-14T01:47:36.337Z",
            "SlotAvailableDttm": "2021-03-12T01:47:36.336Z",
            "SlotTillByDttm": "2021-03-12T01:47:36.336Z",
            "SlotExpiryDttm": "2021-03-14T01:47:36.337Z",
            "StageByDttm": "2021-03-14T04:47:36.334Z",
            "EditCutoffDtTm": "2021-03-14T01:47:36.337Z",
            "CustomerInstructionTxt": "instructions",
            "DeliveryTimeZoneCd": "America/LosAngeles",
            "PartnerData": {
              "PartnerTypeCd": {
                "Code": "fulfillmentVendor"
              },
              "PartnerNm": "ABS-Grocery"
            }
          },
          "ChargeInfo": [
            {
              "Charge": {
                "Code": "id1",
                "Description": "name"
              },
              "ChargeCategory": {
                "Code": "category"
              },
              "ChargeAmt": 1900.0,
              "CurrencyCd": "USD"
            }
          ],
          "CustomerService": [
            {
              "PhoneFaxContact": {
                "TypeCode": "PHONE",
                "PhoneNbrTxt": "91+20224355",
                "PhonePurposes": {
                  "PurposeDsc": "CUST_SERV_PHONE"
                }
              }
            }
          ],
          "ShoppingBagCnt": "12",
          "InstructionTxt": [
            "comments"
          ],
          "GrocerySubOrderExceptionType": [
            {
              "ExceptionType": {
                "Code": "exceptionType"
              },
              "ExceptionCd": "exceptionCode",
              "ExceptionDsc": "exeptionDesc",
              "ExceptionCreateTs": "2021-03-12T01:47:36.367Z"
            }
          ]
        }
      ]
    }
  }
}