<?xml version="1.0" encoding="UTF-8"?><GetGroceryOrder xmlns:Abs="https://collab.safeway.com/it/architecture/info/default.aspx">
    <DocumentData>
        <Abs:Document SystemEnvironmentCd="PROD" VersionId="1.13.1">
            <Abs:DocumentID>GROCERY_ORDER</Abs:DocumentID>
            <Abs:DocumentNm>GroceryOrder</Abs:DocumentNm>
            <Abs:CreationDt>2021-08-16T07:49:28.730092-07:00</Abs:CreationDt>
            <Abs:Description>GroceryOrderDetail</Abs:Description>
            <Abs:SourceApplicationCd>OMS</Abs:SourceApplicationCd>
            <Abs:TargetApplicationCd>EDIS</Abs:TargetApplicationCd>
            <Abs:SenderId>id</Abs:SenderId>
            <Abs:InternalFileTransferInd>Y</Abs:InternalFileTransferInd>
            <Abs:DataClassification>
                <Abs:DataClassificationLevel>
                    <Abs:Code>Internal</Abs:Code>
                </Abs:DataClassificationLevel>
                <Abs:BusinessSensitivityLevel>
                    <Abs:Code>Low</Abs:Code>
                </Abs:BusinessSensitivityLevel>
                <Abs:PHIdataInd>N</Abs:PHIdataInd>
                <Abs:PCIdataInd>Y</Abs:PCIdataInd>
                <Abs:PIIdataInd>Y</Abs:PIIdataInd>
            </Abs:DataClassification>
        </Abs:Document>
        <Abs:DocumentAction>
            <Abs:ActionTypeCd>UPDATE</Abs:ActionTypeCd>
            <Abs:RecordTypeCd>CHANGE</Abs:RecordTypeCd>
        </Abs:DocumentAction>
    </DocumentData>
    <GroceryOrderData>
        <Abs:GroceryOrderHeader>
            <Abs:OrderId>18182589C</Abs:OrderId>
            <Abs:OrderCreateTS>2021-03-12T01:47:36.371Z</Abs:OrderCreateTS>
            <Abs:OrderModifyTS>2021-03-12T01:47:36.404</Abs:OrderModifyTS>
            <Abs:CompanyId>1</Abs:CompanyId>
            <Abs:VersionNbr>1</Abs:VersionNbr>
            <Abs:OrderStatus>
                <Abs:StatusTypeCd>PAYMENT_REQUESTED</Abs:StatusTypeCd>
            </Abs:OrderStatus>
            <Abs:OrderStatusReasonType>
                <Abs:Code>FFO_CREATED</Abs:Code>
            </Abs:OrderStatusReasonType>
            <Abs:OrderActionStatus>
                <Abs:StatusTypeCd>CREATE</Abs:StatusTypeCd>
                <Abs:Description>RESCHEDULE_SLOT</Abs:Description>
            </Abs:OrderActionStatus>
            <Abs:EditCutoffDtTm>2021-03-13T01:47:36.371Z</Abs:EditCutoffDtTm>
            <Abs:EditReasonType>
                <Abs:Code>FFO_CREATED</Abs:Code>
            </Abs:EditReasonType>
            <Abs:FulfillingFacility>
                <Abs:RetailStoreId>12563</Abs:RetailStoreId>
                <Abs:BannerCd>JewelOsco</Abs:BannerCd>
                <Abs:FulfillmentStoreId>3116</Abs:FulfillmentStoreId>
            </Abs:FulfillingFacility>
            <Abs:GroceryOrderProfileType>
                <Abs:ProfileType>
                    <Abs:Code>WYSIWYG</Abs:Code>
                </Abs:ProfileType>
                <Abs:ProfileValueInd>N</Abs:ProfileValueInd>
            </Abs:GroceryOrderProfileType>
            <Abs:GroceryOrderProfileType>
                <Abs:ProfileType>
                    <Abs:Code>PromisePlatform</Abs:Code>
                </Abs:ProfileType>
                <Abs:ProfileValueInd>Y</Abs:ProfileValueInd>
            </Abs:GroceryOrderProfileType>
            <Abs:GroceryOrderProfileType>
                <Abs:ProfileType>
                    <Abs:Code>taxExempt</Abs:Code>
                </Abs:ProfileType>
                <Abs:Description>IT</Abs:Description>
            </Abs:GroceryOrderProfileType>
            <Abs:GroceryOrderProfileType>
                <Abs:ProfileType>
                    <Abs:Code>SnapV2</Abs:Code>
                </Abs:ProfileType>
                <Abs:ProfileValueInd>Y</Abs:ProfileValueInd>
            </Abs:GroceryOrderProfileType>
            <Abs:GroceryOrderProfileType>
                <Abs:ProfileType>
                    <Abs:Code>AutoReplenishment</Abs:Code>
                </Abs:ProfileType>
                <Abs:ProfileValueInd>Y</Abs:ProfileValueInd>
            </Abs:GroceryOrderProfileType>
            <Abs:GroceryOrderProfileType>
                <Abs:ProfileType>
                    <Abs:Code>taxExempt</Abs:Code>
                    <Abs:Description>
                        <type>IT</type>
                    </Abs:Description>
                </Abs:ProfileType>
            </Abs:GroceryOrderProfileType>
            <Abs:RetailCustomer>
                <Abs:CustomerId>556-020-1586122641346</Abs:CustomerId>
                <Abs:CustomerAlternateId Abs:sequenceNbr="1234567"/>
                <Abs:CustomerNm>
                    <Abs:GivenNm>John</Abs:GivenNm>
                    <Abs:MiddleNm>roger</Abs:MiddleNm>
                    <Abs:FamilyNm>Hopkins</Abs:FamilyNm>
                </Abs:CustomerNm>
                <Abs:Contact>
                    <Abs:PhoneFaxContact TypeCode="MOBILE">
                        <Abs:PhoneNbrTxt>4088577000</Abs:PhoneNbrTxt>
                    </Abs:PhoneFaxContact>
                </Abs:Contact>
                <Abs:Contact>
                    <Abs:DigitalContact>
                        <Abs:DigitalAddress>gressholdings@abc.com</Abs:DigitalAddress>
                        <Abs:EmailStatuses Abs:typeCode="PERSONAL"/>
                    </Abs:DigitalContact>
                </Abs:Contact>
                <Abs:Contact>
                    <Abs:Address>
                        <Abs:AddressUsageTypeCd>BILL-TO</Abs:AddressUsageTypeCd>
                        <Abs:AddressLine1txt>addressLine1</Abs:AddressLine1txt>
                        <Abs:AddressLine2txt>addressLine2</Abs:AddressLine2txt>
                        <Abs:CityNm>city</Abs:CityNm>
                        <Abs:PostalZoneCd>12300321</Abs:PostalZoneCd>
                        <Abs:StateCd>state</Abs:StateCd>
                        <Abs:CountryCd>country</Abs:CountryCd>
                    </Abs:Address>
                </Abs:Contact>
                <Abs:ClubCardNbr>49130429968</Abs:ClubCardNbr>
                <Abs:CustomerPreference>
                    <Abs:PreferenceType>
                        <Abs:Code>TEXT</Abs:Code>
                    </Abs:PreferenceType>
                    <Abs:OptInContactNbr>1</Abs:OptInContactNbr>
                    <Abs:OptInInd>true</Abs:OptInInd>
                </Abs:CustomerPreference>
                <Abs:CustomerSubscription>
                    <Abs:OptInInd>false</Abs:OptInInd>
                </Abs:CustomerSubscription>
            </Abs:RetailCustomer>
            <Abs:CurrencyCd>USD</Abs:CurrencyCd>
            <Abs:TotalAmt>263.56</Abs:TotalAmt>
            <Abs:SNAPTotalAmt>10.50</Abs:SNAPTotalAmt>
            <Abs:NonSNAPTotalAmt>10.50</Abs:NonSNAPTotalAmt>
            <Abs:CustomerOffers>
                <Abs:OfferId>offerId</Abs:OfferId>
                <Abs:ReferenceOfferId>externalOfferId</Abs:ReferenceOfferId>
                <Abs:OfferDiscountAmt>120.23</Abs:OfferDiscountAmt>
                <Abs:CustomerRewards>
                    <Abs:RewardsProgramNm>programName</Abs:RewardsProgramNm>
                    <Abs:PointsEarnedQty>23</Abs:PointsEarnedQty>
                    <Abs:PointsUsedQty>12</Abs:PointsUsedQty>
                </Abs:CustomerRewards>
            </Abs:CustomerOffers>
            <Abs:CustomerPayment>
                <Abs:Tender>
                    <Abs:TenderId>321123456765</Abs:TenderId>
                    <Abs:TenderTypeCd>EWALLET</Abs:TenderTypeCd>
                    <Abs:TenderSubTypeCd>MASTERCARD</Abs:TenderSubTypeCd>
                    <Abs:HolderNm>cardHolderName</Abs:HolderNm>
                    <Abs:ExpireMonthYearTxt>cardExpiryMonth</Abs:ExpireMonthYearTxt>
                    <Abs:BillingAddress>
                        <Abs:AddressLine1txt>addressLine1</Abs:AddressLine1txt>
                        <Abs:AddressLine2txt>addressLine2</Abs:AddressLine2txt>
                        <Abs:CityNm>city</Abs:CityNm>
                        <Abs:PostalZoneCd>12300321</Abs:PostalZoneCd>
                        <Abs:StateCd>state</Abs:StateCd>
                    </Abs:BillingAddress>
                    <Abs:PostalCd>100001</Abs:PostalCd>
                    <Abs:Token>
                        <Abs:TokenId>321123456765</Abs:TokenId>
                        <Abs:TokenTypeCd>EWALLET</Abs:TokenTypeCd>
                    </Abs:Token>
                    <Abs:Status>
                        <Abs:StatusCd>AUTHORIZED</Abs:StatusCd>
                    </Abs:Status>
                    <Abs:RequiredAuthAmt>23.40</Abs:RequiredAuthAmt>
                    <Abs:AuthCd>authCode</Abs:AuthCd>
                    <Abs:AuthDt>2021-08-03T08:21:47.354Z</Abs:AuthDt>
                </Abs:Tender>
            </Abs:CustomerPayment>
            <Abs:CustomerSavings>
                <Abs:TotalCustomerSavingsAmt>20.00</Abs:TotalCustomerSavingsAmt>
                <Abs:SavingsCategoryType>
                    <Abs:SavingsCategoryId>3</Abs:SavingsCategoryId>
                    <Abs:SavingsCategoryNm>categoryName</Abs:SavingsCategoryNm>
                    <Abs:SavingsAmt>213.00</Abs:SavingsAmt>
                </Abs:SavingsCategoryType>
            </Abs:CustomerSavings>
            <Abs:OrderRecordDateInfo>
                <Abs:CreateDtTm>2021-03-12T01:47:36.404Z</Abs:CreateDtTm>
                <Abs:CreateUserId>CUSTOMER</Abs:CreateUserId>
                <Abs:UpdateDtTm>2021-03-12T01:47:36.404</Abs:UpdateDtTm>
                <Abs:UpdateUserId>modified</Abs:UpdateUserId>
            </Abs:OrderRecordDateInfo>
            <Abs:Device>
                <Abs:Code>MOBILE</Abs:Code>
            </Abs:Device>
            <Abs:OrderCreatedDeviceType>
                <Abs:Code>MOBILE</Abs:Code>
            </Abs:OrderCreatedDeviceType>
            <Abs:CustomerNotesTxt/>
            <Abs:AffiliatePartnerType>
                <Abs:AffiliatePartnerNm>IBOTTA</Abs:AffiliatePartnerNm>
                <Abs:OrderReferenceTxt>affiliateOrderRef</Abs:OrderReferenceTxt>
            </Abs:AffiliatePartnerType>
            <Abs:OrderSourceSystemType>
                <Abs:Code>ECOMMERCE</Abs:Code>
            </Abs:OrderSourceSystemType>
            <Abs:FulFillmentSystemType>
                <Abs:Code>APS</Abs:Code>
            </Abs:FulFillmentSystemType>
            <Abs:GroceryOrderHeaderExceptionType>
                <Abs:ExceptionType>
                    <Abs:Code>exceptionType</Abs:Code>
                </Abs:ExceptionType>
                <Abs:ExceptionCd>exceptionCode</Abs:ExceptionCd>
                <Abs:ExceptionDsc>exceptionDesc</Abs:ExceptionDsc>
                <Abs:ExceptionCreateTs>2021-03-12T01:47:36.404Z</Abs:ExceptionCreateTs>
            </Abs:GroceryOrderHeaderExceptionType>
        </Abs:GroceryOrderHeader>
        <Abs:GrocerySubOrder>
            <Abs:SubOrderType>
                <Abs:Code>isRescheduled</Abs:Code>
            </Abs:SubOrderType>
            <Abs:SubOrderNbr>1</Abs:SubOrderNbr>
            <Abs:SubOrderStatus>
                <Abs:StatusTypeCd>CREATED</Abs:StatusTypeCd>
            </Abs:SubOrderStatus>
            <Abs:StatusReasonType>
                <Abs:Code>FFO_CREATED</Abs:Code>
            </Abs:StatusReasonType>
            <Abs:SubOrderActionStatus>
                <Abs:StatusTypeCd>CREATE</Abs:StatusTypeCd>
                <Abs:Description>FFO_CREATED</Abs:Description>
            </Abs:SubOrderActionStatus>
            <Abs:SubOrderServiceLevelType>
                <Abs:Code>EXPRESS</Abs:Code>
            </Abs:SubOrderServiceLevelType>
            <Abs:CancelByDtTm>2021-03-14T01:47:36.367Z</Abs:CancelByDtTm>
            <Abs:GroceryOrderDetail>
                <Abs:CartLineNbr>2</Abs:CartLineNbr>
                <Abs:ItemId>
                    <Abs:UPC/>
                    <Abs:SystemSpecificItemId>1</Abs:SystemSpecificItemId>
                    <Abs:InternalItemId>0002113015829</Abs:InternalItemId>
                    <Abs:BaseProductNbr>1</Abs:BaseProductNbr>
                    <Abs:PLUCd>0</Abs:PLUCd>
                    <Abs:ItemDescription>itemDescription</Abs:ItemDescription>
                </Abs:ItemId>
                <Abs:BasePriceAmt>34.0000</Abs:BasePriceAmt>
                <Abs:UnitPriceAmt>1900.0000</Abs:UnitPriceAmt>
                <Abs:ExtendedUnitPriceAmt>67.0000</Abs:ExtendedUnitPriceAmt>
                <Abs:ItemPriceAmt>23.0000</Abs:ItemPriceAmt>
                <Abs:ExtendedItemPriceAmt>45.0000</Abs:ExtendedItemPriceAmt>
                <Abs:PricePerAmt>89.0000</Abs:PricePerAmt>
                <Abs:BasePricePerAmt>78.0000</Abs:BasePricePerAmt>
                <Abs:PriceEffectiveStartDtTm>2021-03-12T01:47:36.355Z</Abs:PriceEffectiveStartDtTm>
                <Abs:PriceEffectiveEndDtTm>2021-03-13T01:47:36.355Z</Abs:PriceEffectiveEndDtTm>
                <Abs:Quantity>2.0000</Abs:Quantity>
                <Abs:UOM>
                    <Abs:UOMCd>unitOfMeasure</Abs:UOMCd>
                </Abs:UOM>
                <Abs:SellByWeightType>
                    <Abs:Code>P</Abs:Code>
                </Abs:SellByWeightType>
                <Abs:AvgItemWeight>90.0000</Abs:AvgItemWeight>
                <Abs:DiscountAllowedInd>true</Abs:DiscountAllowedInd>
                <Abs:RewardAllowedInd>true</Abs:RewardAllowedInd>
                <Abs:SubstitutionType>
                    <Abs:Code>2</Abs:Code>
                    <Abs:Description>Same size different Brand</Abs:Description>
                </Abs:SubstitutionType>
                <Abs:CustomerPreferredSubstituteItem>
                    <Abs:SubstituteItemLineNbr/>
                    <Abs:SubstituteItem>
                        <Abs:SystemSpecificItemId>186930241</Abs:SystemSpecificItemId>
                        <Abs:BaseProductNbr>186930241</Abs:BaseProductNbr>
                        <Abs:PLUCd>1234567</Abs:PLUCd>
                        <Abs:ItemDescription>SeaPak Shrimp Butterfly Oven Crispy Family Size - 10 Oz</Abs:ItemDescription>
                    </Abs:SubstituteItem>
                    <Abs:Department>
                        <Abs:Code/>
                    </Abs:Department>
                    <Abs:SellByWeightType>
                        <Abs:Code>1.099E+1</Abs:Code>
                    </Abs:SellByWeightType>
                    <Abs:AvgItemWeight>10.9900</Abs:AvgItemWeight>
                    <Abs:BasePriceAmt>0.0000</Abs:BasePriceAmt>
                    <Abs:ItemPriceAmt>10.9900</Abs:ItemPriceAmt>
                    <Abs:PricePerAmt>10.9900</Abs:PricePerAmt>
                    <Abs:BasePricePerAmt>0.0000</Abs:BasePricePerAmt>
                    <Abs:PromotionPriceAmt>9.5000</Abs:PromotionPriceAmt>
                    <Abs:RewardAllowedInd>true</Abs:RewardAllowedInd>
                    <Abs:DiscountAllowedInd>true</Abs:DiscountAllowedInd>
                    <Abs:WICItemInd>true</Abs:WICItemInd>
                </Abs:CustomerPreferredSubstituteItem>
                <Abs:CurrencyCd>USD</Abs:CurrencyCd>
                <Abs:RegulatedItemInd>true</Abs:RegulatedItemInd>
                <Abs:MadeToOrderItemInd>true</Abs:MadeToOrderItemInd>
                <Abs:PreparationTm/>
                <Abs:LinkPLUNbr>234</Abs:LinkPLUNbr>
                <Abs:CouponPLUNbr>0</Abs:CouponPLUNbr>
                <Abs:CustomerOffers>
                    <Abs:OfferId>434</Abs:OfferId>
                    <Abs:ReferenceOfferId>externalOfferId</Abs:ReferenceOfferId>
                    <Abs:OfferSourceType>
                        <Abs:Code>source</Abs:Code>
                    </Abs:OfferSourceType>
                    <Abs:CustomerRewards>
                        <Abs:RewardsProgramNm>programName</Abs:RewardsProgramNm>
                        <Abs:PointsEarnedQty>23</Abs:PointsEarnedQty>
                        <Abs:PointsUsedQty>12</Abs:PointsUsedQty>
                    </Abs:CustomerRewards>
                </Abs:CustomerOffers>
                <Abs:Department>
                    <Abs:Code>1</Abs:Code>
                </Abs:Department>
                <Abs:WICItemInd>true</Abs:WICItemInd>
                <Abs:AutoReplenishmentOrderType>
                    <Abs:AROItemInd>true</Abs:AROItemInd>
                    <Abs:AROLineInd>true</Abs:AROLineInd>
                    <Abs:ItemPriceAmt>10.6000</Abs:ItemPriceAmt>
                    <Abs:ArSavingsAmt>10.5000</Abs:ArSavingsAmt>
                </Abs:AutoReplenishmentOrderType>
                <Abs:DeliveredItem>
                    <Abs:DeliveredItemLineNbr>2</Abs:DeliveredItemLineNbr>
                    <Abs:FulfillmentOrderId>1234001</Abs:FulfillmentOrderId>
                    <Abs:Item>
                        <Abs:UPC>
                            <Abs:UPCNbr>123</Abs:UPCNbr>
                        </Abs:UPC>
                        <Abs:SystemSpecificItemId>1</Abs:SystemSpecificItemId>
                        <Abs:InternalItemId>0004900002892</Abs:InternalItemId>
                        <Abs:PLUCd>27435646</Abs:PLUCd>
                        <Abs:BaseProductNbr>1</Abs:BaseProductNbr>
                    </Abs:Item>
                    <Abs:SubstitutedItemInd>true</Abs:SubstitutedItemInd>
                    <Abs:Quantity>23</Abs:Quantity>
                    <Abs:UOM>
                        <Abs:UOMCd>CA</Abs:UOMCd>
                    </Abs:UOM>
                    <Abs:SellByWeightType>
                        <Abs:Code>K</Abs:Code>
                    </Abs:SellByWeightType>
                    <Abs:AvgItemWeight>90.0000</Abs:AvgItemWeight>
                    <Abs:BasePriceAmt>34.0000</Abs:BasePriceAmt>
                    <Abs:UnitPriceAmt>1900.0000</Abs:UnitPriceAmt>
                    <Abs:ExtendedUnitPriceAmt>67.0000</Abs:ExtendedUnitPriceAmt>
                    <Abs:ItemPriceAmt>23.0000</Abs:ItemPriceAmt>
                    <Abs:ExtendedItemPriceAmt>45.0000</Abs:ExtendedItemPriceAmt>
                    <Abs:PricePerAmt>89.0000</Abs:PricePerAmt>
                    <Abs:BasePricePerAmt>78.0000</Abs:BasePricePerAmt>
                    <Abs:PriceEffectiveStartDtTm>2021-03-12T01:47:36.354Z</Abs:PriceEffectiveStartDtTm>
                    <Abs:PriceEffectiveEndDtTm>2021-03-13T01:47:36.354Z</Abs:PriceEffectiveEndDtTm>
                    <Abs:RegulatedItemInd>true</Abs:RegulatedItemInd>
                    <Abs:LinkPLUNbr>234</Abs:LinkPLUNbr>
                    <Abs:CouponPLUNbr>27435646</Abs:CouponPLUNbr>
                    <Abs:PromotionPriceAmt>123.00</Abs:PromotionPriceAmt>
                    <Abs:CustomerOffers>
                        <Abs:OfferId>434</Abs:OfferId>
                        <Abs:ReferenceOfferId>externalOfferId</Abs:ReferenceOfferId>
                        <Abs:OfferSourceType>
                            <Abs:Code>source</Abs:Code>
                        </Abs:OfferSourceType>
                        <Abs:CustomerRewards>
                            <Abs:RewardsProgramNm>programName</Abs:RewardsProgramNm>
                            <Abs:PointsEarnedQty>23</Abs:PointsEarnedQty>
                            <Abs:PointsUsedQty>12</Abs:PointsUsedQty>
                        </Abs:CustomerRewards>
                    </Abs:CustomerOffers>
                    <Abs:RewardAllowedInd>true</Abs:RewardAllowedInd>
                    <Abs:DiscountAllowedInd>true</Abs:DiscountAllowedInd>
                    <Abs:WICItemInd>true</Abs:WICItemInd>
                    <Abs:SmartSubstituteItemInd>true</Abs:SmartSubstituteItemInd>
                    <Abs:CustomerSavings>
                        <Abs:TotalCustomerSavingsAmt>1.00</Abs:TotalCustomerSavingsAmt>
                        <Abs:SavingsCategoryType>
                            <Abs:OfferId>434</Abs:OfferId>
                            <Abs:SavingsCategoryId>12</Abs:SavingsCategoryId>
                            <Abs:SavingsCategoryNm>c</Abs:SavingsCategoryNm>
                            <Abs:SavingsAmt>321.00</Abs:SavingsAmt>
                        </Abs:SavingsCategoryType>
                    </Abs:CustomerSavings>
                    <Abs:DeliveredItemExceptionType>
                        <Abs:ExceptionType>
                            <Abs:Code>exceptionType</Abs:Code>
                        </Abs:ExceptionType>
                        <Abs:ExceptionCd>exceptionCode</Abs:ExceptionCd>
                        <Abs:ExceptionDsc>exceptionDesc</Abs:ExceptionDsc>
                        <Abs:ExceptionCreateTs>2021-03-12T01:47:36.352Z</Abs:ExceptionCreateTs>
                    </Abs:DeliveredItemExceptionType>
                    <Abs:AutoReplenishmentOrderType>
                        <Abs:AROItemInd>true</Abs:AROItemInd>
                        <Abs:AROLineInd>true</Abs:AROLineInd>
                        <Abs:ItemPriceAmt>10.8000</Abs:ItemPriceAmt>
                        <Abs:ArSavingsAmt>10.5000</Abs:ArSavingsAmt>
                    </Abs:AutoReplenishmentOrderType>
                </Abs:DeliveredItem>
                <Abs:OrderQty>2.0000</Abs:OrderQty>
                <Abs:FulfilledQty>12.0000</Abs:FulfilledQty>
                <Abs:CustomerSavings>
                    <Abs:TotalCustomerSavingsAmt>1.00</Abs:TotalCustomerSavingsAmt>
                    <Abs:SavingsCategoryType>
                        <Abs:OfferId>434</Abs:OfferId>
                        <Abs:SavingsCategoryId>12</Abs:SavingsCategoryId>
                        <Abs:SavingsCategoryNm>categoryName</Abs:SavingsCategoryNm>
                        <Abs:SavingsAmt>321.00</Abs:SavingsAmt>
                    </Abs:SavingsCategoryType>
                </Abs:CustomerSavings>
                <Abs:OrderLineExceptionType>
                    <Abs:ExceptionType>
                        <Abs:Code>exceptionType</Abs:Code>
                    </Abs:ExceptionType>
                    <Abs:ExceptionCd>exceptionCode</Abs:ExceptionCd>
                    <Abs:ExceptionDsc>exeptionDesc</Abs:ExceptionDsc>
                    <Abs:ExceptionCreateTs>2021-03-12T01:47:36.346Z</Abs:ExceptionCreateTs>
                </Abs:OrderLineExceptionType>
            </Abs:GroceryOrderDetail>
            <Abs:GroceryOrderDetail>
                <Abs:PromotionType>
                    <Abs:Code>code</Abs:Code>
                    <Abs:Description>description</Abs:Description>
                </Abs:PromotionType>
                <Abs:PromotionTriggerCd>pluCode</Abs:PromotionTriggerCd>
            </Abs:GroceryOrderDetail>
            <Abs:FullFillmentType>
                <Abs:Code>DELIVERY</Abs:Code>
            </Abs:FullFillmentType>
            <Abs:PickupInfo>
                <Abs:ShortOrderNbr>12</Abs:ShortOrderNbr>
                <Abs:PickupSlot>
                    <Abs:Code>123ed</Abs:Code>
                </Abs:PickupSlot>
                <Abs:PickupSlotType>
                    <Abs:Code>COUNTER-INSIDE</Abs:Code>
                </Abs:PickupSlotType>
                <Abs:DisplayEndDttm>2021-03-12T01:47:36.336Z</Abs:DisplayEndDttm>
            </Abs:PickupInfo>
            <Abs:DeliveryInfo>
                <Abs:CustomerType>
                    <Abs:Code>BUSINESS</Abs:Code>
                </Abs:CustomerType>
                <Abs:DeliverySlotId>123ID</Abs:DeliverySlotId>
                <Abs:DeliverySlotType>
                    <Abs:Code>SlotType</Abs:Code>
                </Abs:DeliverySlotType>
                <Abs:DeliveryServiceType>
                    <Abs:Code>ATTENDED</Abs:Code>
                </Abs:DeliveryServiceType>
                <Abs:SlotPlan>
                    <Abs:Code>PREMIUM</Abs:Code>
                </Abs:SlotPlan>
                <Abs:StartDttm>2021-03-13T01:47:36.337Z</Abs:StartDttm>
                <Abs:EndDttm>2021-03-14T01:47:36.337Z</Abs:EndDttm>
                <Abs:SlotAvailableDttm>2021-03-12T01:47:36.336Z</Abs:SlotAvailableDttm>
                <Abs:SlotTillByDttm>2021-03-12T01:47:36.336Z</Abs:SlotTillByDttm>
                <Abs:SlotExpiryDttm>2021-03-14T01:47:36.337Z</Abs:SlotExpiryDttm>
                <Abs:StageByDttm>2021-03-14T04:47:36.334Z</Abs:StageByDttm>
                <Abs:EditCutoffDtTm>2021-03-14T01:47:36.337Z</Abs:EditCutoffDtTm>
                <Abs:CustomerInstructionTxt>instructions</Abs:CustomerInstructionTxt>
                <Abs:DeliveryTimeZoneCd>America/LosAngeles</Abs:DeliveryTimeZoneCd>
                <Abs:PartnerData>
                    <Abs:PartnerTypeCd>
                        <Abs:Code>fulfillmentVendor</Abs:Code>
                    </Abs:PartnerTypeCd>
                    <Abs:PartnerNm>ABS-Grocery</Abs:PartnerNm>
                </Abs:PartnerData>
            </Abs:DeliveryInfo>
            <Abs:ChargeInfo>
                <Abs:Charge>
                    <Abs:Code>id1</Abs:Code>
                    <Abs:Description>name</Abs:Description>
                </Abs:Charge>
                <Abs:ChargeCategory>
                    <Abs:Code>category</Abs:Code>
                </Abs:ChargeCategory>
                <Abs:ChargeAmt>1900.00</Abs:ChargeAmt>
                <Abs:CurrencyCd>USD</Abs:CurrencyCd>
            </Abs:ChargeInfo>
            <Abs:CustomerService>
                <Abs:PhoneFaxContact TypeCode="PHONE">
                    <Abs:PhoneNbrTxt>91+20224355</Abs:PhoneNbrTxt>
                    <Abs:PhonePurposes>
                        <Abs:PurposeDsc>CUST_SERV_PHONE</Abs:PurposeDsc>
                    </Abs:PhonePurposes>
                </Abs:PhoneFaxContact>
            </Abs:CustomerService>
            <Abs:ShoppingBagCnt>12</Abs:ShoppingBagCnt>
            <Abs:InstructionTxt>comments</Abs:InstructionTxt>
            <Abs:GrocerySubOrderExceptionType>
                <Abs:ExceptionType>
                    <Abs:Code>exceptionType</Abs:Code>
                </Abs:ExceptionType>
                <Abs:ExceptionCd>exceptionCode</Abs:ExceptionCd>
                <Abs:ExceptionDsc>exeptionDesc</Abs:ExceptionDsc>
                <Abs:ExceptionCreateTs>2021-03-12T01:47:36.367Z</Abs:ExceptionCreateTs>
            </Abs:GrocerySubOrderExceptionType>
        </Abs:GrocerySubOrder>
    </GroceryOrderData>
</GetGroceryOrder>