{
  "audit": {
    "createDate": "2021-03-12T01:47:36.404Z",
    "modifiedDate": "2021-03-12T01:47:36.404Z",
    "createdBy": "created",
    "modifiedBy": "modified"
  },
  "orderNumber": "18182589N",
  "versionNumber": 1,
  "orderStatus": "PAYMENT_REQUESTED",
  "companyId": "companyId",
  "banner": "JewelOsco",
  "isActive": true,
  "storeNumber": "12563",
  "orderStatusReasonCode": "FFO_CREATED",
  "messageAction": "CREATE",
  "messageActionReason": "RESCHEDULE_SLOT",
  "modifiedReasonCode": "FFO_CREATED",
  "orderEditCutoffDate": "2021-03-13T01:47:36.371Z",
  "orderCancelCutoffDate": "2021-03-13T01:47:36.371Z",
  "orderCreatedDate": "2021-03-12T01:47:36.371Z",
  "rescheduledTimestamp": {
    "FFO_CREATED": "2021-03-14T01:47:36.329"
  },
  "requestedBy": "ECHO",
  "fulfillmentSystem": "APS",
  "sourceInfo": {
    "source": "ECOMMERCE",
    "enteredBy": "CUSTOMER",
    "deviceType": "MOBILE",
    "affiliate": {
      "affiliateName": "IBOTTA",
      "affiliateOrderRef": "affiliateOrderRef"
    },
    "sourceProgram": "sourceProgram",
    "appName": "Filled by c and c, with one of the value. If the DeviceType is MOBILE"
  },
  "orderType": {
    "isAutoReplenishment": true,
    "isTestOrder": true
  },
  "orderTotal": {
    "amount": "263.56",
    "currency": "USD",
    "itemTotalAmount": "22.5",
    "itemTotalAfterSavingsAmount": "21.1",
    "quotedOrderTotalAmount": "21",
    "totalCardSavings": "20",
    "taxAndFees": {
      "totalTaxesAndFeesAmount": "2.2",
      "details": [
        {
          "key": "Key",
          "value": "2"
        }
      ]
    },
    "taxes": [
      {
        "type": "type",
        "amount": "2.2"
      }
    ],
    "cardSavings": [
      {
        "savingsCategoryId": 3,
        "savingsCategoryName": "categoryName",
        "savingsAmount": "213"
      }
    ],
    "txnLevelSavings": [
      {
        "offerId": "offerId",
        "externalOfferId": "externalOfferId",
        "calculateUsage": true,
        "categoryId": 123,
        "categoryName": "categoryName",
        "source": "source",
        "linkPluNumber": "linkPluNumber",
        "programCode": "programCode",
        "startDate": "2021-03-12T01:47:36.394Z",
        "endDate": "2021-03-13T01:47:36.394Z",
        "discountAmount": "120.23",
        "discountType": "discountType",
        "description": "description",
        "discountMessage": "discountMessage",
        "discountLevel": "discountLevel",
        "netPromotionAmount": "2.23",
        "discountQty": 2,
        "points": [
          {
            "programName": "programName",
            "earn": 23,
            "burn": 12
          }
        ]
      }
    ],
    "usageLimit": {
      "offersAdded": [
        {
          "offerId": "offerId",
          "externalOfferId": "externalOfferId"
        }
      ],
      "offersRemoved": [
        {
          "offerId": "offerId",
          "externalOfferId": "externalOfferId"
        }
      ]
    }
  },
  "customer": {
    "customerId": "556-020-1586122641346",
    "clubCardNumber": "49130429968",
    "customerUUID": "customerUUID",
    "orderCount": 2,
    "isSubscription": false,
    "name": {
      "firstName": "John",
      "middleName": "roger",
      "lastName": "Hopkins"
    },
    "address": [
      {
        "addressType": "BILL-TO",
        "addressLine1": "addressLine1",
        "addressLine2": "addressLine2",
        "addressLine3": "addressLine3",
        "city": "city",
        "state": "state",
        "zipCode": "12300321",
        "country": "country"
      }
    ],
    "contact": [
      {
        "number": "4088577000",
        "type": "MOBILE",
        "subType": "CUST_SERV_PHONE"
      }
    ],
    "email": [
      {
        "id": "gressholdings@abc.com",
        "type": "PERSONAL"
      }
    ],
    "preference": {
      "termsCheckedVersionId": "termsCheckedVersionId",
      "optIn": [
        {
          "type": "type",
          "id": "1",
          "isOptin": true
        }
      ]
    },
    "tax": {
      "taxExempt": {
        "type": "IT"
      }
    },
    "memberId": "1234567",
    "paymentDetails": [
      {
        "paymentType": "EWALLET",
        "paymentSubType": "MASTERCARD",
        "tokenNumber": "321123456765",
        "cardExpiryMonth": "cardExpiryMonth",
        "cardExpiryYear": "cardExpiryYear",
        "zipCode": "95070",
        "securityCode": "securityCode",
        "reqAuthorizationAmount": "47.45",
        "carHolderName": "cardHolderName",
        "address": {
          "addressType": "BILL-TO",
          "addressLine1": "addressLine1",
          "addressLine2": "addressLine2",
          "addressLine3": "addressLine3",
          "city": "city",
          "state": "state",
          "zipCode": "12300321",
          "country": "country"
        },
        "paymentStatus": {
          "status": "AUTHORIZED",
          "authorizationCode": "authCode",
          "authorizationDate": "authDate"
        }
      }
    ]
  },
  "paymentDetails": [
    {
      "paymentType": "EWALLET",
      "paymentSubType": "MASTERCARD",
      "tokenNumber": "321123456765",
      "cardExpiryMonth": "cardExpiryMonth",
      "cardExpiryYear": "cardExpiryYear",
      "zipcode": "100001",
      "securityCode": "securityCode",
      "reqAuthorizationAmount": "23.40",
      "cardHolderName": "cardHolderName",
      "address": {
        "addressType": "BILL-TO",
        "addressLine1": "addressLine1",
        "addressLine2": "addressLine2",
        "addressLine3": "addressLine3",
        "city": "city",
        "state": "state",
        "zipCode": "12300321",
        "country": "country"
      },
      "paymentStatus": {
        "status": "AUTHORIZED",
        "authorizationCode": "authCode",
        "authorizationDate": "authDate"
      }
    }
  ],
  "subOrders": [
    {
      "fulfillmentOrderNumber": "1234001",
      "subOrderNumber": 1,
      "itemCount": 2,
      "fulfillmentType": "DELIVERY",
      "subOrderType": {
        "serviceLevel": "EXPRESS",
        "isRescheduled": true,
        "isMto": true
      },
      "customerService": {
        "contact": [
          {
            "number": "91+20224355",
            "type": "PHONE",
            "subType": "CUST_SERV_PHONE"
          }
        ],
        "email": [
          {
            "id": "123@abc.com",
            "type": "emailType"
          }
        ]
      },
      "deliveryInfo": {
        "deliverySubType": "BUSINESS",
        "slotInfo": {
          "slotPlan": "PREMIUM",
          "slotType": "SlotType",
          "slotId": "123ID",
          "timeZone": "America/LosAngeles",
          "startTime": "2021-03-13T01:47:36.337Z",
          "endTime": "2021-03-14T01:47:36.337Z",
          "shiftNumber": "08",
          "editingCutoffDate": "2021-03-14T01:47:36.337Z",
          "lastPickupTime": "2021-03-12T01:47:36.336Z"
        },
        "deliveryServiceType": "ATTENDED",
        "instructions": "instructions",
        "pickupInfo": {
          "locationType": "COUNTER-INSIDE",
          "locationId": "123ed",
          "shortOrderNumber": 12
        },
        "stageByDateTime": "2021-03-14T04:47:36.334Z"
      },
      "charges": [
        {
          "id": "id1",
          "name": "name",
          "category": "category",
          "chargeAmount": {
            "amount": "1900",
            "currency": "USD"
          }
        }
      ],
      "promoCodes": [
        {
          "code": "code",
          "description": "description",
          "pluCode": "pluCode",
          "amount": "1900"
        }
      ],
      "routeInfo": {
        "vanNumber": "1we34r",
        "vanDepartureDate": "2021-03-14T01:47:36.366Z",
        "vanArrivalDate": "2021-03-13T01:47:36.366Z",
        "stopId": "123d",
        "stopNumber": "Id2"
      },
      "tote": {
        "toteEstimate": {
          "chilled": 2,
          "frozen": 3,
          "ambient": 1,
          "hot": 3
        },
        "toteDetails": [
          {
            "toteId": "1234",
            "toteTempZone": "BCH",
            "item": [
              {
                "itemId": "123",
                "quantity": 12,
                "fulfilledUpc": [
                  {
                    "upcId": "upcId",
                    "upcQuantity": 23,
                    "fulfilledQuantity": 2,
                    "upcWeight": 12.2,
                    "scannedUpc": "scannedUpc",
                    "pickedBy": "pickedBy",
                    "isSubstituted": true,
                    "pickedDate": "2021-03-12T01:47:36.356",
                    "pickType": "REGULAR",
                    "upcDescription": "upcDescription",
                    "itemPrice": {
                      "itemCode": "itemCode",
                      "scanCode": "scanCode",
                      "entryId": 2,
                      "department": 1,
                      "unitPrice": "67",
                      "basePrice": "34",
                      "basePricePer": "78",
                      "price": "23",
                      "pricePer": "89",
                      "sellByWeight": "sellByWeight",
                      "averageWeight": "90",
                      "clubCardSaving": "1",
                      "extendedPrice": "45",
                      "scanPrice": "56",
                      "scanWeight": "56",
                      "quantityType": "quantityType",
                      "quantityValue": "234",
                      "discountAllowed": true,
                      "linkPluNumber": "234",
                      "itemPluNumber": "itemPluNumber",
                      "pointsApplyItem": true,
                      "wic": true,
                      "startDate": "2021-03-12T01:47:36.356Z",
                      "endDate": "2021-03-13T01:47:36.356Z",
                      "substituted": true,
                      "netPromotionAmount": "123",
                      "savings": [
                        {
                          "offerId": "434",
                          "externalOfferId": "externalOfferId",
                          "categoryId": 12,
                          "categoryName": "categoryName",
                          "source": "source",
                          "linkPluNumber": "12345",
                          "netPromotionAmount": "12000",
                          "programCode": "programCode",
                          "startDate": "2021-03-12T01:47:36.356Z",
                          "endDate": "2021-03-13T01:47:36.356Z",
                          "discountAmount": "321",
                          "discountType": "discountType",
                          "description": "description",
                          "discountMessage": "discountMessage",
                          "discountLevel": "discountLevel",
                          "promotionPrice": "345",
                          "calculateUsage": true,
                          "discountQty": 2,
                          "points": [
                            {
                              "programName": "programName",
                              "earn": 23,
                              "burn": 12
                            }
                          ]
                        }
                      ],
                      "exceptions": [
                        {
                          "exceptionType": "exceptionType",
                          "exceptionCode": "exceptionCode",
                          "exceptionDesc": "exceptionDesc",
                          "exceptionTime": "2021-03-12T01:47:36.356Z"
                        }
                      ]
                    },
                    "entryId": 1,
                    "scanPrice": "12",
                    "scanWeight": "23",
                    "itemCode": "itemCode"
                  }
                ]
              }
            ]
          }
        ],
        "totalPickedToteCount": 13,
        "totalNumberOfBagsUsed": 12
      },
      "orderLines": [
        {
          "itemId": "1",
          "itemDescription": "itemDescription",
          "orderedQuantity": 2,
          "shortedQuantity": 2,
          "fulfilledQuantity": 12,
          "unitOfMeasure": "unitOfMeasure",
          "unitPrice": {
            "amount": "1900",
            "currency": "USD"
          },
          "totalItemPrice": 10.99,
          "substitutionCode": "2",
          "substitutionValue": "Same size different Brand",
          "substitutionCodeV2": "4",
          "substitutionValueV2": "Substitute With",
          "isRegulatedItem": true,
          "isReplenishItem": true,
          "isMtoProduct": true,
          "preparationTime": "",
          "comments": "comments",
          "substituteItem": [
            {
              "itemId": "186930241",
              "itemDescription": "SeaPak Shrimp Butterfly Oven Crispy Family Size - 10 Oz",
              "itemPrice": {
                "itemCode": "",
                "entryId": "",
                "department": "",
                "basePrice": "",
                "basePricePer": "",
                "price": 10.99,
                "pricePer": 10.99,
                "sellByWeight": 10.99,
                "averageWeight": 10.99,
                "discountAllowed": true,
                "itemPluNumber": "1234567",
                "pointsApplyItem": true,
                "wic": true,
                "netPromotionAmount": 9.5
              }
            }
          ],
          "fulfilledUpc": [
            {
              "upcId": "upcId",
              "upcQuantity": 23,
              "fulfilledQuantity": 2,
              "upcWeight": 12.2,
              "scannedUpc": "scannedUpc",
              "pickedBy": "pickedBy",
              "isSubstituted": true,
              "isSmartSubItem": true,
              "pickedDate": "2021-03-12T01:47:36.348",
              "pickType": "REGULAR",
              "upcDescription": "upcDescription",
              "itemPrice": {
                "itemCode": "0004900002892",
                "scanCode": "0004900002892",
                "entryId": 2,
                "department": 1,
                "isReplenishItem": true,
                "isArProduct": true,
                "arPrice": "2.58",
                "arSavings": 10.5,
                "linkPluNumberForARSavings": 10.5,
                "unitPrice": "67",
                "basePrice": "34",
                "basePricePer": "78",
                "price": "23",
                "pricePer": "89",
                "sellByWeight": "P",
                "averageWeight": "90",
                "clubCardSaving": "1",
                "extendedPrice": "45",
                "scanPrice": "56",
                "scanWeight": "56",
                "quantityType": "EA",
                "quantityValue": "234",
                "discountAllowed": true,
                "linkPluNumber": "234",
                "itemPluNumber": "0",
                "pointsApplyItem": true,
                "wic": true,
                "startDate": "2021-03-12T01:47:36.354Z",
                "endDate": "2021-03-13T01:47:36.354Z",
                "substituted": true,
                "netPromotionAmount": "123",
                "savings": [
                  {
                    "offerId": "434",
                    "externalOfferId": "externalOfferId",
                    "categoryId": 12,
                    "categoryName": "c",
                    "source": "source",
                    "linkPluNumber": "12345",
                    "netPromotionAmount": "12000",
                    "programCode": "programCode",
                    "startDate": "2021-03-12T01:47:36.351Z",
                    "endDate": "2021-03-13T01:47:36.351Z",
                    "discountAmount": "321",
                    "discountType": "discountType",
                    "description": "description",
                    "discountMessage": "discountMessage",
                    "discountLevel": "discountLevel",
                    "promotionPrice": "345",
                    "calculateUsage": true,
                    "discountQty": 2,
                    "points": [
                      {
                        "programName": "programName",
                        "earn": 23,
                        "burn": 12
                      }
                    ]
                  }
                ],
                "exceptions": [
                  {
                    "exceptionType": "EPE",
                    "exceptionCode": "EPE_PROMOTIONS_ERROR",
                    "exceptionDesc": "EPE system error.",
                    "exceptionTime": "2021-03-12T01:47:36.352Z"
                  }
                ]
              },
              "entryId": 1,
              "scanPrice": "12",
              "scanWeight": "23",
              "itemCode": "0002113015828"
            }
          ],
          "exceptions": [
            {
              "exceptionType": "EPE",
              "exceptionCode": "EPE_PROMOTIONS_ERROR",
              "exceptionDesc": "EPE system error.",
              "exceptionTime": "2021-03-12T01:47:36.346Z"
            }
          ],
          "department": {
            "id": "id",
            "name": "deptname"
          },
          "aisle": {
            "id": "id",
            "name": "name"
          },
          "shelf": {
            "id": "1",
            "name": "name"
          },
          "itemPrice": {
            "itemCode": "0002113015829",
            "scanCode": "0002113015829",
            "entryId": 2,
            "isReplenishItem": true,
            "isArProduct": true,
            "arPrice": "5.66",
            "arSavings": 10.5,
            "linkPluNumberForARSavings": 10.5,
            "department": 1,
            "unitPrice": "67",
            "basePrice": "34",
            "basePricePer": "78",
            "price": "23",
            "pricePer": "89",
            "sellByWeight": "I",
            "averageWeight": "90",
            "clubCardSaving": "1",
            "extendedPrice": "45",
            "scanPrice": "56",
            "scanWeight": "56",
            "quantityType": "EA",
            "quantityValue": "234",
            "discountAllowed": true,
            "linkPluNumber": "234",
            "itemPluNumber": "0",
            "pointsApplyItem": true,
            "wic": true,
            "startDate": "2021-03-12T01:47:36.355Z",
            "endDate": "2021-03-13T01:47:36.355Z",
            "substituted": true,
            "netPromotionAmount": "123",
            "savings": [
              {
                "offerId": "434",
                "externalOfferId": "externalOfferId",
                "categoryId": 12,
                "categoryName": "categoryName",
                "source": "source",
                "linkPluNumber": "12345",
                "netPromotionAmount": "12000",
                "programCode": "programCode",
                "startDate": "2021-03-12T01:47:36.354Z",
                "endDate": "2021-03-13T01:47:36.354Z",
                "discountAmount": "321",
                "discountType": "discountType",
                "description": "description",
                "discountMessage": "discountMessage",
                "discountLevel": "discountLevel",
                "promotionPrice": "345",
                "calculateUsage": true,
                "discountQty": 2,
                "points": [
                  {
                    "programName": "programName",
                    "earn": 23,
                    "burn": 12
                  }
                ]
              }
            ],
            "exceptions": [
              {
                "exceptionType": "exceptionType",
                "exceptionCode": "exceptionCode",
                "exceptionDesc": "exceptionDesc",
                "exceptionTime": "2021-03-12T01:47:36.355Z"
              }
            ]
          }
        }
      ],
      "subOrderStatus": "CREATED",
      "subOrderStatusReasonCode": "FFO_CREATED",
      "messageAction": "CREATE",
      "messageActionReason": "FFO_CREATED",
      "modifiedReasonCode": "FFO_CREATED",
      "cancelByDate": "2021-03-14T01:47:36.367Z",
      "exceptions": [
        {
          "exceptionType": "exceptionType",
          "exceptionCode": "exceptionCode",
          "exceptionDesc": "exeptionDesc",
          "exceptionTime": "2021-03-12T01:47:36.367Z"
        }
      ]
    }
  ],
  "storeInfo": [
    {
      "key": "key",
      "value": "value"
    }
  ],
  "orderInfo": {
    "stageByDateTime": "2021-03-13T22:47:36.375Z",
    "mfcPricingCallStatus": "Success",
    "data": [
      {
        "key": "value"
      }
    ],
    "receiptMessage": [
      {
        "messageNumber": "messageNumber",
        "printLine": "printline"
      }
    ]
  },
  "exceptions": [
    {
      "exceptionType": "exceptionType",
      "exceptionCode": "exceptionCode",
      "exceptionDesc": "exceptionDesc",
      "exceptionTime": "2021-03-12T01:47:36.404Z"
    }
  ],
  "id": "id",
  "version": 2,
  "createdBy": "OMS",
  "createdDate": "2021-03-14T01:47:36.404",
  "modifiedBy": "OMS",
  "modifiedDate": "2021-03-12T01:47:36.404",
  "ttl": null
}