{
  "GetGroceryOrder": {
    "Abs": "https://collab.safeway.com/it/architecture/info/default.aspx",
    "DocumentData": {
      "Document": {
        "SystemEnvironmentCd": "PROD",
        "VersionId": "1.13.1",
        "DocumentID": "GROCERY_ORDER",
        "DocumentNm": "GroceryOrder",
        "CreationDt": "2021-08-16T07:53:51.407175-07:00",
        "Description": [
          "GroceryOrderDetail"
        ],
        "SourceApplicationCd": [
          "OMS"
        ],
        "TargetApplicationCd": "EDIS",
        "InternalFileTransferInd": "Y",
        "DataClassification": {
          "DataClassificationLevel": {
            "Code": "Internal"
          },
          "BusinessSensitivityLevel": {
            "Code": "Low"
          },
          "PHIdataInd": "N",
          "PCIdataInd": "Y",
          "PIIdataInd": "Y"
        }
      },
      "DocumentAction": {
        "ActionTypeCd": "UPDATE",
        "RecordTypeCd": "CHANGE"
      }
    },
    "GroceryOrderData": {
      "GroceryOrderHeader": {
        "OrderId": "18182589",
        "OrderCreateTS": "2021-03-12T01:47:36.371Z",
        "CompanyId": "companyId",
        "VersionNbr": "1",
        "OrderStatus": {
          "StatusTypeCd": "PAYMENT_REQUESTED"
        },
        "OrderStatusReasonType": {
          "Code": "FFO_CREATED"
        },
        "OrderActionStatus": {
          "StatusTypeCd": "CREATE",
          "Description": "RESCHEDULE_SLOT"
        },
        "EditCutoffDtTm": "2021-03-13T01:47:36.371Z",
        "EditReasonType": {
          "Code": "FFO_CREATED"
        },
        "FulfillingFacility": {
          "RetailStoreId": "12563",
          "BannerCd": "JewelOsco"
        },
        "GroceryOrderProfileType": [
          {
            "ProfileType": {
              "Code": "WYSIWYG"
            },
            "ProfileValueInd": "N"
          },
          {
            "ProfileType": {
              "Code": "PromisePlatform"
            },
            "ProfileValueInd": "N"
          },
          {
            "ProfileType": {
              "Code": "taxExempt"
            },
            "Description": "IT"
          },
          {
            "ProfileType": {
              "Code": "SnapV2"
            },
            "ProfileValueInd": "N"
          },
          {
            "ProfileType": {
              "Code": "AutoReplenishment"
            },
            "ProfileValueInd": "N"
          },
          {
            "ProfileType": {
              "Code": "taxExempt",
              "Description": {
                "type": "IT"
              }
            }
          }
        ],
        "RetailCustomer": {
          "CustomerId": "556-020-1586122641346",
          "CustomerAlternateId": [
            {
              "sequenceNbr": "mem123m"
            }
          ],
          "CustomerNm": {
            "GivenNm": "John",
            "MiddleNm": "roger",
            "FamilyNm": "Hopkins"
          },
          "Contact": [
            {
              "PhoneFaxContact": {
                "TypeCode": "MOBILE",
                "PhoneNbrTxt": "4088577000"
              }
            },
            {
              "DigitalContact": {
                "DigitalAddress": "gressholdings@abc.com"
              }
            },
            {
              "Address": {
                "AddressUsageTypeCd": "BILL-TO",
                "AddressLine1txt": "addressLine1",
                "AddressLine2txt": "addressLine2",
                "CityNm": "city",
                "PostalZoneCd": "12300321",
                "StateCd": "state",
                "CountryCd": "country"
              }
            }
          ],
          "ClubCardNbr": "49130429968",
          "CustomerPreference": [
            {
              "PreferenceType": {
                "Code": "type"
              },
              "OptInContactNbr": "1",
              "OptInInd": "true"
            }
          ],
          "CustomerSubscription": [
            {
              "OptInInd": "false"
            }
          ]
        },
        "CurrencyCd": "USD",
        "TotalAmt": 263.56,
        "CustomerOffers": [
          {
            "OfferId": "offerId",
            "ReferenceOfferId": "externalOfferId",
            "OfferDiscountAmt": 120.23,
            "CustomerRewards": [
              {
                "RewardsProgramNm": "programName",
                "PointsEarnedQty": "23",
                "PointsUsedQty": "12"
              }
            ]
          }
        ],
        "CustomerSavings": {
          "TotalCustomerSavingsAmt": 20.0,
          "SavingsCategoryType": [
            {
              "SavingsCategoryId": "3",
              "SavingsCategoryNm": "categoryName",
              "SavingsAmt": 213.0
            }
          ]
        },
        "OrderRecordDateInfo": {
          "CreateDtTm": "2021-03-12T01:47:36.404Z",
          "CreateUserId": "CUSTOMER",
          "UpdateUserId": "modified"
        },
        "Device": {
          "Code": "MOBILE"
        },
        "OrderCreatedDeviceType": {
          "Code": "MOBILE"
        },
        "AffiliatePartnerType": {
          "AffiliatePartnerNm": "IBOTTA",
          "OrderReferenceTxt": "affiliateOrderRef"
        },
        "OrderSourceSystemType": {
          "Code": "ECOMMERCE"
        },
        "FulFillmentSystemType": {
          "Code": "MANHATTAN"
        }
      }
    }
  }
}