<?xml version="1.0" encoding="UTF-8"?><GetGroceryOrder xmlns:Abs="https://collab.safeway.com/it/architecture/info/default.aspx">
    <DocumentData>
        <Abs:Document SystemEnvironmentCd="PROD" VersionId="1.13.1">
            <Abs:DocumentID>GROCERY_ORDER</Abs:DocumentID>
            <Abs:DocumentNm>GroceryOrder</Abs:DocumentNm>
            <Abs:CreationDt>2021-08-16T07:53:51.407175-07:00</Abs:CreationDt>
            <Abs:Description>GroceryOrderDetail</Abs:Description>
            <Abs:SourceApplicationCd>OMS</Abs:SourceApplicationCd>
            <Abs:TargetApplicationCd>EDIS</Abs:TargetApplicationCd>
            <Abs:InternalFileTransferInd>Y</Abs:InternalFileTransferInd>
            <Abs:DataClassification>
                <Abs:DataClassificationLevel>
                    <Abs:Code>Internal</Abs:Code>
                </Abs:DataClassificationLevel>
                <Abs:BusinessSensitivityLevel>
                    <Abs:Code>Low</Abs:Code>
                </Abs:BusinessSensitivityLevel>
                <Abs:PHIdataInd>N</Abs:PHIdataInd>
                <Abs:PCIdataInd>Y</Abs:PCIdataInd>
                <Abs:PIIdataInd>Y</Abs:PIIdataInd>
            </Abs:DataClassification>
        </Abs:Document>
        <Abs:DocumentAction>
            <Abs:ActionTypeCd>UPDATE</Abs:ActionTypeCd>
            <Abs:RecordTypeCd>CHANGE</Abs:RecordTypeCd>
        </Abs:DocumentAction>
    </DocumentData>
    <GroceryOrderData>
        <Abs:GroceryOrderHeader>
            <Abs:OrderId>18182589</Abs:OrderId>
            <Abs:OrderCreateTS>2021-03-12T01:47:36.371Z</Abs:OrderCreateTS>
            <Abs:CompanyId>companyId</Abs:CompanyId>
            <Abs:VersionNbr>1</Abs:VersionNbr>
            <Abs:OrderStatus>
                <Abs:StatusTypeCd>PAYMENT_REQUESTED</Abs:StatusTypeCd>
            </Abs:OrderStatus>
            <Abs:OrderStatusReasonType>
                <Abs:Code>FFO_CREATED</Abs:Code>
            </Abs:OrderStatusReasonType>
            <Abs:OrderActionStatus>
                <Abs:StatusTypeCd>CREATE</Abs:StatusTypeCd>
                <Abs:Description>RESCHEDULE_SLOT</Abs:Description>
            </Abs:OrderActionStatus>
            <Abs:EditCutoffDtTm>2021-03-13T01:47:36.371Z</Abs:EditCutoffDtTm>
            <Abs:EditReasonType>
                <Abs:Code>FFO_CREATED</Abs:Code>
            </Abs:EditReasonType>
            <Abs:FulfillingFacility>
                <Abs:RetailStoreId>12563</Abs:RetailStoreId>
                <Abs:BannerCd>JewelOsco</Abs:BannerCd>
            </Abs:FulfillingFacility>
            <Abs:GroceryOrderProfileType>
                <Abs:ProfileType>
                    <Abs:Code>WYSIWYG</Abs:Code>
                </Abs:ProfileType>
                <Abs:ProfileValueInd>N</Abs:ProfileValueInd>
            </Abs:GroceryOrderProfileType>
            <Abs:GroceryOrderProfileType>
                <Abs:ProfileType>
                    <Abs:Code>PromisePlatform</Abs:Code>
                </Abs:ProfileType>
                <Abs:ProfileValueInd>N</Abs:ProfileValueInd>
            </Abs:GroceryOrderProfileType>
            <Abs:GroceryOrderProfileType>
                <Abs:ProfileType>
                    <Abs:Code>taxExempt</Abs:Code>
                </Abs:ProfileType>
                <Abs:Description>IT</Abs:Description>
            </Abs:GroceryOrderProfileType>
            <Abs:GroceryOrderProfileType>
                <Abs:ProfileType>
                    <Abs:Code>SnapV2</Abs:Code>
                </Abs:ProfileType>
                <Abs:ProfileValueInd>N</Abs:ProfileValueInd>
            </Abs:GroceryOrderProfileType>
            <Abs:GroceryOrderProfileType>
                <Abs:ProfileType>
                    <Abs:Code>AutoReplenishment</Abs:Code>
                </Abs:ProfileType>
                <Abs:ProfileValueInd>N</Abs:ProfileValueInd>
            </Abs:GroceryOrderProfileType>
            <Abs:GroceryOrderProfileType>
                <Abs:ProfileType>
                    <Abs:Code>taxExempt</Abs:Code>
                    <Abs:Description>
                        <type>IT</type>
                    </Abs:Description>
                </Abs:ProfileType>
            </Abs:GroceryOrderProfileType>
            <Abs:RetailCustomer>
                <Abs:CustomerId>556-020-1586122641346</Abs:CustomerId>
                <Abs:CustomerAlternateId Abs:sequenceNbr="mem123m"/>
                <Abs:CustomerNm>
                    <Abs:GivenNm>John</Abs:GivenNm>
                    <Abs:MiddleNm>roger</Abs:MiddleNm>
                    <Abs:FamilyNm>Hopkins</Abs:FamilyNm>
                </Abs:CustomerNm>
                <Abs:Contact>
                    <Abs:PhoneFaxContact TypeCode="MOBILE">
                        <Abs:PhoneNbrTxt>4088577000</Abs:PhoneNbrTxt>
                    </Abs:PhoneFaxContact>
                </Abs:Contact>
                <Abs:Contact>
                    <Abs:DigitalContact>
                        <Abs:DigitalAddress>gressholdings@abc.com</Abs:DigitalAddress>
                        <Abs:EmailStatuses Abs:typeCode="PERSONAL"/>
                    </Abs:DigitalContact>
                </Abs:Contact>
                <Abs:Contact>
                    <Abs:Address>
                        <Abs:AddressUsageTypeCd>BILL-TO</Abs:AddressUsageTypeCd>
                        <Abs:AddressLine1txt>addressLine1</Abs:AddressLine1txt>
                        <Abs:AddressLine2txt>addressLine2</Abs:AddressLine2txt>
                        <Abs:CityNm>city</Abs:CityNm>
                        <Abs:PostalZoneCd>12300321</Abs:PostalZoneCd>
                        <Abs:StateCd>state</Abs:StateCd>
                        <Abs:CountryCd>country</Abs:CountryCd>
                    </Abs:Address>
                </Abs:Contact>
                <Abs:ClubCardNbr>49130429968</Abs:ClubCardNbr>
                <Abs:CustomerPreference>
                    <Abs:PreferenceType>
                        <Abs:Code>type</Abs:Code>
                    </Abs:PreferenceType>
                    <Abs:OptInContactNbr>1</Abs:OptInContactNbr>
                    <Abs:OptInInd>true</Abs:OptInInd>
                </Abs:CustomerPreference>
                <Abs:CustomerSubscription>
                    <Abs:OptInInd>false</Abs:OptInInd>
                </Abs:CustomerSubscription>
            </Abs:RetailCustomer>
            <Abs:CurrencyCd>USD</Abs:CurrencyCd>
            <Abs:TotalAmt>263.56</Abs:TotalAmt>
            <Abs:CustomerOffers>
                <Abs:OfferId>offerId</Abs:OfferId>
                <Abs:ReferenceOfferId>externalOfferId</Abs:ReferenceOfferId>
                <Abs:OfferDiscountAmt>120.23</Abs:OfferDiscountAmt>
                <Abs:CustomerRewards>
                    <Abs:RewardsProgramNm>programName</Abs:RewardsProgramNm>
                    <Abs:PointsEarnedQty>23</Abs:PointsEarnedQty>
                    <Abs:PointsUsedQty>12</Abs:PointsUsedQty>
                </Abs:CustomerRewards>
            </Abs:CustomerOffers>
            <Abs:CustomerPayment/>
            <Abs:CustomerSavings>
                <Abs:TotalCustomerSavingsAmt>20.00</Abs:TotalCustomerSavingsAmt>
                <Abs:SavingsCategoryType>
                    <Abs:SavingsCategoryId>3</Abs:SavingsCategoryId>
                    <Abs:SavingsCategoryNm>categoryName</Abs:SavingsCategoryNm>
                    <Abs:SavingsAmt>213.00</Abs:SavingsAmt>
                </Abs:SavingsCategoryType>
            </Abs:CustomerSavings>
            <Abs:OrderRecordDateInfo>
                <Abs:CreateDtTm>2021-03-12T01:47:36.404Z</Abs:CreateDtTm>
                <Abs:CreateUserId>CUSTOMER</Abs:CreateUserId>
                <Abs:UpdateUserId>modified</Abs:UpdateUserId>
            </Abs:OrderRecordDateInfo>
            <Abs:Device>
                <Abs:Code>MOBILE</Abs:Code>
            </Abs:Device>
            <Abs:OrderCreatedDeviceType>
                <Abs:Code>MOBILE</Abs:Code>
            </Abs:OrderCreatedDeviceType>
            <Abs:AffiliatePartnerType>
                <Abs:AffiliatePartnerNm>IBOTTA</Abs:AffiliatePartnerNm>
                <Abs:OrderReferenceTxt>affiliateOrderRef</Abs:OrderReferenceTxt>
            </Abs:AffiliatePartnerType>
            <Abs:OrderSourceSystemType>
                <Abs:Code>ECOMMERCE</Abs:Code>
            </Abs:OrderSourceSystemType>
            <Abs:FulFillmentSystemType>
                <Abs:Code>MANHATTAN</Abs:Code>
            </Abs:FulFillmentSystemType>
        </Abs:GroceryOrderHeader>
    </GroceryOrderData>
</GetGroceryOrder>